-- Inserts para a tabela C_OP_DENTISTA
INSERT INTO "RM552656"."C_OP_DENTISTA" (ID_DENTISTA, NOME_DENTISTA, SENHA_DENTISTA, ESPECIALIDADE, CRO)
VALUES (1, 'Dr. João Silva', 'senha123', 'Ortodontia', 'CRO12345');

INSERT INTO "RM552656"."C_OP_DENTISTA" (ID_DENTISTA, NOME_DENTISTA, SENHA_DENTISTA, ESPECIALIDADE, CRO)
VALUES (2, 'Dra. Maria Souza', 'senha456', 'Endodontia', 'CRO67890');

-- Inserts para a tabela C_OP_PLANO_DE_SAUDE
INSERT INTO "RM552656"."C_OP_PLANO_DE_SAUDE" (ID_PLANO, NOME_PLANO, DESCRICAO)
VALUES (1, 'Plano Ouro', 'Cobertura completa para tratamentos ortodônticos e endodônticos');

INSERT INTO "RM552656"."C_OP_PLANO_DE_SAUDE" (ID_PLANO, NOME_PLANO, DESCRICAO)
VALUES (2, 'Plano Prata', 'Cobertura básica para consultas e procedimentos simples');

-- Inserts para a tabela C_OP_NOTIFICACAO
INSERT INTO "RM552656"."C_OP_NOTIFICACAO" (ID_NOTIFICACAO, MENSAGEM, TIPO_NOTIFICACAO, DATA_ENVIO, LEITURA)
VALUES (1, 'Lembrete de consulta agendada', 'Lembrete', TO_DATE('2024-11-14', 'YYYY-MM-DD'), 'N');

INSERT INTO "RM552656"."C_OP_NOTIFICACAO" (ID_NOTIFICACAO, MENSAGEM, TIPO_NOTIFICACAO, DATA_ENVIO, LEITURA)
VALUES (2, 'Tratamento concluído', 'Informativo', TO_DATE('2024-12-02', 'YYYY-MM-DD'), 'S');

-- Inserts para a tabela C_OP_USUARIO
INSERT INTO "RM552656"."C_OP_USUARIO" (ID_USUARIO, NOME_USUARIO, SENHA_USUARIO, EMAIL_USUARIO, NR_CARTEIRA, DENTISTA_ID_DENTISTA, PLANO_ID_PLANO, NOT_ID_NOTIFICACAO)
VALUES (1, 'Carlos Alberto', 'userpass123', 'carlos.alberto@gmail.com', '1234567890', 1, 1, 1);

INSERT INTO "RM552656"."C_OP_USUARIO" (ID_USUARIO, NOME_USUARIO, SENHA_USUARIO, EMAIL_USUARIO, NR_CARTEIRA, DENTISTA_ID_DENTISTA, PLANO_ID_PLANO, NOT_ID_NOTIFICACAO)
VALUES (2, 'Ana Paula', 'userpass456', 'ana.paula@gmail.com', '9876543210', 2, 2, 2);

-- Inserts para a tabela C_OP_CHECKLIST
INSERT INTO "RM552656"."C_OP_CHECKLIST" (ID_CHECKLIST, ESCOVACAO_DENTES, FIO_DENTAL, ENXAGUANTE_BUCAL, USUARIO_ID_USUARIO)
VALUES (1, 2, 1, 1, 1);

INSERT INTO "RM552656"."C_OP_CHECKLIST" (ID_CHECKLIST, ESCOVACAO_DENTES, FIO_DENTAL, ENXAGUANTE_BUCAL, USUARIO_ID_USUARIO)
VALUES (2, 3, 2, 1, 2);

-- Inserts para a tabela C_OP_AGENDAMENTO
INSERT INTO "RM552656"."C_OP_AGENDAMENTO" (ID_AGENDAMENTO, DATA_AGENDADA, HORARIO_AGENDADO, STATUS_TRATAMENTO, DESCRICAO_AGENDAMENTO, DENTISTA_ID_DENTISTA, USUARIO_ID_USUARIO)
VALUES (1, TO_DATE('2024-11-15', 'YYYY-MM-DD'), '14:30', 'Agendado', 'Consulta de revisão ortodôntica', 1, 1);

INSERT INTO "RM552656"."C_OP_AGENDAMENTO" (ID_AGENDAMENTO, DATA_AGENDADA, HORARIO_AGENDADO, STATUS_TRATAMENTO, DESCRICAO_AGENDAMENTO, DENTISTA_ID_DENTISTA, USUARIO_ID_USUARIO)
VALUES (2, TO_DATE('2024-12-01', 'YYYY-MM-DD'), '10:00', 'Agendado', 'Tratamento de canal', 2, 2);

-- Inserts para a tabela C_OP_DENTISTA_PLANOSAUDE
INSERT INTO "RM552656"."C_OP_DENTISTA_PLANOSAUDE" (ID_DENTISTA, ID_PLANO)
VALUES (1, 1);

INSERT INTO "RM552656"."C_OP_DENTISTA_PLANOSAUDE" (ID_DENTISTA, ID_PLANO)
VALUES (2, 2);

-- Inserts para a tabela C_OP_TRATAMENTO
INSERT INTO "RM552656"."C_OP_TRATAMENTO" (ID_TRATAMENTO, TIPO_TRATAMENTO, DT_INICIO, DT_FIM, DESCRICAO, STATUS_TRATAMENTO, DENTISTA_ID_DENTISTA, USUARIO_ID_USUARIO)
VALUES (1, 'Ortodontia', TO_DATE('2024-10-01', 'YYYY-MM-DD'), TO_DATE('2024-11-01', 'YYYY-MM-DD'), 'Ajuste de aparelho ortodôntico', 'Concluído', 1, 1);

INSERT INTO "RM552656"."C_OP_TRATAMENTO" (ID_TRATAMENTO, TIPO_TRATAMENTO, DT_INICIO, DT_FIM, DESCRICAO, STATUS_TRATAMENTO, DENTISTA_ID_DENTISTA, USUARIO_ID_USUARIO)
VALUES (2, 'Endodontia', TO_DATE('2024-11-05', 'YYYY-MM-DD'), TO_DATE('2024-12-05', 'YYYY-MM-DD'), 'Tratamento de canal', 'Em andamento', 2, 2);
